{"_id":{"$oid":"5b30e3ea5b54fd43fcea28f8"},"CandidateId":{"$numberInt":"151614"},"StatusId":{"$numberInt":"1"},"Feedback":"","SavedBy":"5b291c004486f2c548930948","HrName":"Rajiv Rao","SavedOn":{"$date":{"$numberLong":"1529930730762"}},"DateString":"25-Jun-2018 06:15 PM"}
{"_id":{"$oid":"5b3215b25b54fb7efc5f235e"},"CandidateId":{"$numberInt":"151612"},"StatusId":{"$numberInt":"3"},"Feedback":"","SavedBy":"5b291c004486f2c548930948","HrName":"Rajiv Rao","SavedOn":{"$date":{"$numberLong":"1530009010707"}},"DateString":"26-Jun-2018 04:00 PM"}
{"_id":{"$oid":"5b321c585b54fb7efc5f235f"},"CandidateId":{"$numberInt":"151612"},"StatusId":{"$numberInt":"0"},"Feedback":"","SavedBy":"5b291c004486f2c548930e17","HrName":"Prince ","SavedOn":{"$date":{"$numberLong":"1530010712578"}},"DateString":"26-Jun-2018 04:28 PM"}
{"_id":{"$oid":"5b3239c85b54fb546c54eea8"},"CandidateId":{"$numberInt":"151612"},"StatusId":{"$numberInt":"6"},"Feedback":"","SavedBy":"5b291c004486f2c548930e2a","HrName":"Simran Kaur","SavedOn":{"$date":{"$numberLong":"1530018248038"}},"DateString":"26-Jun-2018 06:34 PM"}
{"_id":{"$oid":"5b3239ec5b54fb546c54eea9"},"CandidateId":{"$numberInt":"151612"},"StatusId":{"$numberInt":"4"},"Feedback":"","SavedBy":"5b291c004486f2c548930948","HrName":"Rajiv Rao","SavedOn":{"$date":{"$numberLong":"1530018284865"}},"DateString":"26-Jun-2018 06:34 PM"}
{"_id":{"$oid":"5b323a3b5b54fb546c54eeaa"},"CandidateId":{"$numberInt":"151614"},"StatusId":{"$numberInt":"2"},"Feedback":"","SavedBy":"5b291c004486f2c548930e2a","HrName":"Simran Kaur","SavedOn":{"$date":{"$numberLong":"1530018363834"}},"DateString":"26-Jun-2018 06:36 PM"}
{"_id":{"$oid":"5b323a3e5b54fb546c54eeab"},"CandidateId":{"$numberInt":"151614"},"StatusId":{"$numberInt":"2"},"Feedback":"","SavedBy":"5b291c004486f2c548930e2a","HrName":"Simran Kaur","SavedOn":{"$date":{"$numberLong":"1530018366056"}},"DateString":"26-Jun-2018 06:36 PM"}
{"_id":{"$oid":"5b323a425b54fb546c54eeac"},"CandidateId":{"$numberInt":"151614"},"StatusId":{"$numberInt":"3"},"Feedback":"rejected","SavedBy":"5b291c004486f2c548930948","HrName":"Rajiv Rao","SavedOn":{"$date":{"$numberLong":"1530018370390"}},"DateString":"26-Jun-2018 06:36 PM"}
{"_id":{"$oid":"5b323a615b54fb546c54eead"},"CandidateId":{"$numberInt":"151614"},"StatusId":{"$numberInt":"5"},"Feedback":"","SavedBy":"5b291c004486f2c548930e2a","HrName":"Simran Kaur","SavedOn":{"$date":{"$numberLong":"1530018401244"}},"DateString":"26-Jun-2018 06:36 PM"}
{"_id":{"$oid":"5b323b785b54fb546c54eeae"},"CandidateId":{"$numberInt":"151612"},"StatusId":{"$numberInt":"8"},"Feedback":"to be offered","SavedBy":"5b291c004486f2c548930948","HrName":"Rajiv Rao","SavedOn":{"$date":{"$numberLong":"1530018680342"}},"DateString":"26-Jun-2018 06:41 PM"}
{"_id":{"$oid":"5b323bf35b54fb546c54eeaf"},"CandidateId":{"$numberInt":"151612"},"StatusId":{"$numberInt":"11"},"Feedback":"to be offered","SavedBy":"5b291c004486f2c548930948","HrName":"Rajiv Rao","SavedOn":{"$date":{"$numberLong":"1530018803245"}},"DateString":"26-Jun-2018 06:43 PM"}
{"_id":{"$oid":"5b333f9f5b54fb8eb458e4a8"},"CandidateId":{"$numberInt":"151612"},"StatusId":{"$numberInt":"1"},"Feedback":"to be offered","SavedBy":"5b291c004486f2c548930e2a","HrName":"Simran Kaur","SavedOn":{"$date":{"$numberLong":"1530085279275"}},"DateString":"27-Jun-2018 01:11 PM"}
{"_id":{"$oid":"5b333fa15b54fb8eb458e4a9"},"CandidateId":{"$numberInt":"151612"},"StatusId":{"$numberInt":"1"},"Feedback":"to be offered","SavedBy":"5b291c004486f2c548930e2a","HrName":"Simran Kaur","SavedOn":{"$date":{"$numberLong":"1530085281761"}},"DateString":"27-Jun-2018 01:11 PM"}
{"_id":{"$oid":"5b333fb85b54fb8eb458e4aa"},"CandidateId":{"$numberInt":"151612"},"StatusId":{"$numberInt":"10"},"Feedback":"joined","SavedBy":"5b291c004486f2c548930948","HrName":"Rajiv Rao","SavedOn":{"$date":{"$numberLong":"1530085304210"}},"DateString":"27-Jun-2018 01:11 PM"}
{"_id":{"$oid":"5b3611025b54fb406c995f29"},"CandidateId":{"$numberInt":"151612"},"StatusId":{"$numberInt":"9"},"Feedback":"offered","SavedBy":"5b291c004486f2c548930948","HrName":"Rajiv Rao","SavedOn":{"$date":{"$numberLong":"1530269954534"}},"DateString":"29-Jun-2018 04:29 PM"}
{"_id":{"$oid":"5b3615135b54fb406c995f2a"},"CandidateId":{"$numberInt":"151616"},"StatusId":{"$numberInt":"0"},"Feedback":"","SavedBy":"5b291c004486f2c548930c70","HrName":"Apoorv Goel","SavedOn":{"$date":{"$numberLong":"1530270995957"}},"DateString":"29-Jun-2018 04:46 PM"}
{"_id":{"$oid":"5b3615185b54fb406c995f2b"},"CandidateId":{"$numberInt":"151616"},"StatusId":{"$numberInt":"0"},"Feedback":"","SavedBy":"5b291c004486f2c548930c70","HrName":"Apoorv Goel","SavedOn":{"$date":{"$numberLong":"1530271000900"}},"DateString":"29-Jun-2018 04:46 PM"}
{"_id":{"$oid":"5b36151a5b54fb406c995f2c"},"CandidateId":{"$numberInt":"151616"},"StatusId":{"$numberInt":"0"},"Feedback":"","SavedBy":"5b291c004486f2c548930c70","HrName":"Apoorv Goel","SavedOn":{"$date":{"$numberLong":"1530271002610"}},"DateString":"29-Jun-2018 04:46 PM"}
{"_id":{"$oid":"5b3615665b54fb406c995f2d"},"CandidateId":{"$numberInt":"151616"},"StatusId":{"$numberInt":"1"},"Feedback":"The candidate's CV is shortlisted.\nLet's call him.","SavedBy":"5b291c004486f2c548930c70","HrName":"Apoorv Goel","SavedOn":{"$date":{"$numberLong":"1530271078752"}},"DateString":"29-Jun-2018 04:47 PM"}
{"_id":{"$oid":"5b407de85b5506735406c440"},"CandidateId":{"$numberInt":"151618"},"StatusId":{"$numberInt":"8"},"Feedback":"","SavedBy":"5b291c004486f2c548930e17","HrName":"Prince ","SavedOn":{"$date":{"$numberLong":"1530953192338"}},"DateString":"07-Jul-2018 02:16 PM"}
{"_id":{"$oid":"5b4082585b550873540aad2e"},"CandidateId":{"$numberInt":"151613"},"StatusId":{"$numberInt":"9"},"Feedback":"","SavedBy":"5b291c004486f2c548930e17","HrName":"Prince ","SavedOn":{"$date":{"$numberLong":"1530954328665"}},"DateString":"07-Jul-2018 02:35 PM"}
{"_id":{"$oid":"5b4082b65b550873540aad2f"},"CandidateId":{"$numberInt":"151615"},"StatusId":{"$numberInt":"0"},"Feedback":"","SavedBy":"5b291c004486f2c548930e17","HrName":"Prince ","SavedOn":{"$date":{"$numberLong":"1530954422895"}},"DateString":"07-Jul-2018 02:37 PM"}
{"_id":{"$oid":"5b4083525b550973544c0161"},"CandidateId":{"$numberInt":"151613"},"StatusId":{"$numberInt":"11"},"Feedback":"","SavedBy":"5b291c004486f2c548930e17","HrName":"Prince ","SavedOn":{"$date":{"$numberLong":"1530954578899"}},"DateString":"07-Jul-2018 02:39 PM"}
{"_id":{"$oid":"5b4083585b550973544c0162"},"CandidateId":{"$numberInt":"151615"},"StatusId":{"$numberInt":"9"},"Feedback":"","SavedBy":"5b291c004486f2c548930e17","HrName":"Prince ","SavedOn":{"$date":{"$numberLong":"1530954584935"}},"DateString":"07-Jul-2018 02:39 PM"}
{"_id":{"$oid":"5b4083a75b550973544c0163"},"CandidateId":{"$numberInt":"151614"},"StatusId":{"$numberInt":"5"},"Feedback":"","SavedBy":"5b291c004486f2c548930e17","HrName":"Prince ","SavedOn":{"$date":{"$numberLong":"1530954663063"}},"DateString":"07-Jul-2018 02:41 PM"}
{"_id":{"$oid":"5b4084945b550a7354c7003c"},"CandidateId":{"$numberInt":"151615"},"StatusId":{"$numberInt":"10"},"Feedback":"","SavedBy":"5b291c004486f2c548930e17","HrName":"Prince ","SavedOn":{"$date":{"$numberLong":"1530954900493"}},"DateString":"07-Jul-2018 02:45 PM"}
{"_id":{"$oid":"5b4084995b550a7354c7003d"},"CandidateId":{"$numberInt":"151615"},"StatusId":{"$numberInt":"11"},"Feedback":"","SavedBy":"5b291c004486f2c548930e17","HrName":"Prince ","SavedOn":{"$date":{"$numberLong":"1530954905374"}},"DateString":"07-Jul-2018 02:45 PM"}
{"_id":{"$oid":"5b40849c5b550a7354c7003e"},"CandidateId":{"$numberInt":"151615"},"StatusId":{"$numberInt":"4"},"Feedback":"","SavedBy":"5b291c004486f2c548930e17","HrName":"Prince ","SavedOn":{"$date":{"$numberLong":"1530954908256"}},"DateString":"07-Jul-2018 02:45 PM"}
{"_id":{"$oid":"5b40849e5b550a7354c7003f"},"CandidateId":{"$numberInt":"151615"},"StatusId":{"$numberInt":"9"},"Feedback":"","SavedBy":"5b291c004486f2c548930e17","HrName":"Prince ","SavedOn":{"$date":{"$numberLong":"1530954910510"}},"DateString":"07-Jul-2018 02:45 PM"}
{"_id":{"$oid":"5b4084a55b550a7354c70040"},"CandidateId":{"$numberInt":"151615"},"StatusId":{"$numberInt":"10"},"Feedback":"","SavedBy":"5b291c004486f2c548930e17","HrName":"Prince ","SavedOn":{"$date":{"$numberLong":"1530954917592"}},"DateString":"07-Jul-2018 02:45 PM"}
{"_id":{"$oid":"5b4084b25b550a7354c70041"},"CandidateId":{"$numberInt":"151612"},"StatusId":{"$numberInt":"11"},"Feedback":"offered","SavedBy":"5b291c004486f2c548930e17","HrName":"Prince ","SavedOn":{"$date":{"$numberLong":"1530954930034"}},"DateString":"07-Jul-2018 02:45 PM"}
{"_id":{"$oid":"5b4084b75b550a7354c70042"},"CandidateId":{"$numberInt":"151617"},"StatusId":{"$numberInt":"9"},"Feedback":"","SavedBy":"5b291c004486f2c548930e17","HrName":"Prince ","SavedOn":{"$date":{"$numberLong":"1530954935568"}},"DateString":"07-Jul-2018 02:45 PM"}
{"_id":{"$oid":"5b4084bc5b550a7354c70043"},"CandidateId":{"$numberInt":"151617"},"StatusId":{"$numberInt":"10"},"Feedback":"","SavedBy":"5b291c004486f2c548930e17","HrName":"Prince ","SavedOn":{"$date":{"$numberLong":"1530954940109"}},"DateString":"07-Jul-2018 02:45 PM"}
{"_id":{"$oid":"5b459f9e5b54fb7a38461f98"},"CandidateId":{"$numberInt":"151619"},"StatusId":{"$numberInt":"10"},"Feedback":"","SavedBy":"5b291c004486f2c548930948","HrName":"Rajiv Rao","SavedOn":{"$date":{"$numberLong":"1531289502678"}},"DateString":"11-Jul-2018 11:41 AM"}
{"_id":{"$oid":"5b45afc85b54fb7120e4a6d1"},"CandidateId":{"$numberInt":"151620"},"StatusId":{"$numberInt":"10"},"Feedback":"","SavedBy":"5b291c004486f2c548930948","HrName":"Rajiv Rao","SavedOn":{"$date":{"$numberLong":"1531293640141"}},"DateString":"11-Jul-2018 12:50 PM"}
{"_id":{"$oid":"5b45b2cd5b54fb7120e4a6d2"},"CandidateId":{"$numberInt":"151620"},"StatusId":{"$numberInt":"9"},"Feedback":"","SavedBy":"5b291c004486f2c548930948","HrName":"Rajiv Rao","SavedOn":{"$date":{"$numberLong":"1531294413317"}},"DateString":"11-Jul-2018 01:03 PM"}
{"_id":{"$oid":"5b45bb605b54fb7120e4a6d4"},"CandidateId":{"$numberInt":"151621"},"StatusId":{"$numberInt":"10"},"Feedback":"","SavedBy":"5b291c004486f2c548930948","HrName":"Rajiv Rao","SavedOn":{"$date":{"$numberLong":"1531296608935"}},"DateString":"11-Jul-2018 01:40 PM"}
{"_id":{"$oid":"5b4d7bef5b54fb136c8c16b3"},"CandidateId":{"$numberInt":"151618"},"StatusId":{"$numberInt":"8"},"Feedback":"","SavedBy":"5b291c004486f2c548930948","HrName":"Rajiv Rao","SavedOn":{"$date":{"$numberLong":"1531804655777"}},"DateString":"17-Jul-2018 10:47 AM"}
{"_id":{"$oid":"5b64418c5b54fb64d8c24a52"},"CandidateId":{"$numberInt":"151618"},"StatusId":{"$numberInt":"3"},"Feedback":"","SavedBy":"5b291c004486f2c548930948","HrName":"Rajiv Rao","SavedOn":{"$date":{"$numberLong":"1533297036769"}},"DateString":"03-Aug-2018 05:20 PM"}
{"_id":{"$oid":"5b6442585b54fb64d8c24a53"},"CandidateId":{"$numberInt":"151619"},"StatusId":{"$numberInt":"5"},"Feedback":"","SavedBy":"5b291c004486f2c548930948","HrName":"Rajiv Rao","SavedOn":{"$date":{"$numberLong":"1533297240390"}},"DateString":"03-Aug-2018 05:24 PM"}
{"_id":{"$oid":"5b644dde5b54fe64d8d5e828"},"CandidateId":{"$numberInt":"151618"},"StatusId":{"$numberInt":"10"},"Feedback":"","SavedBy":"5b291c004486f2c548930948","HrName":"Rajiv Rao","SavedOn":{"$date":{"$numberLong":"1533300190143"}},"DateString":"03-Aug-2018 06:13 PM"}
{"_id":{"$oid":"5b644f145b550064d8a693d8"},"CandidateId":{"$numberInt":"151618"},"StatusId":{"$numberInt":"5"},"Feedback":"","SavedBy":"5b291c004486f2c548930948","HrName":"Rajiv Rao","SavedOn":{"$date":{"$numberLong":"1533300500590"}},"DateString":"03-Aug-2018 06:18 PM"}
{"_id":{"$oid":"5b644f3e5b54fb5fa4fa7585"},"CandidateId":{"$numberInt":"151618"},"StatusId":{"$numberInt":"10"},"Feedback":"","SavedBy":"5b291c004486f2c548930948","HrName":"Rajiv Rao","SavedOn":{"$date":{"$numberLong":"1533300542901"}},"DateString":"03-Aug-2018 06:19 PM"}
{"_id":{"$oid":"5b644f485b54fb5fa4fa7586"},"CandidateId":{"$numberInt":"151618"},"StatusId":{"$numberInt":"3"},"Feedback":"","SavedBy":"5b291c004486f2c548930948","HrName":"Rajiv Rao","SavedOn":{"$date":{"$numberLong":"1533300552782"}},"DateString":"03-Aug-2018 06:19 PM"}
{"_id":{"$oid":"5b644f505b54fb5fa4fa7587"},"CandidateId":{"$numberInt":"151618"},"StatusId":{"$numberInt":"10"},"Feedback":"","SavedBy":"5b291c004486f2c548930948","HrName":"Rajiv Rao","SavedOn":{"$date":{"$numberLong":"1533300560622"}},"DateString":"03-Aug-2018 06:19 PM"}
{"_id":{"$oid":"5b681c765b54fb60689b7d23"},"CandidateId":{"$numberInt":"151635"},"StatusId":{"$numberInt":"1"},"Feedback":"","SavedBy":"5b291c004486f2c548930948","HrName":"Rajiv Rao","SavedOn":{"$date":{"$numberLong":"1533549686918"}},"DateString":"06-Aug-2018 03:31 PM"}
{"_id":{"$oid":"5b681c8e5b54fb60689b7d24"},"CandidateId":{"$numberInt":"151612"},"StatusId":{"$numberInt":"10"},"Feedback":"offered","SavedBy":"5b291c004486f2c548930948","HrName":"Rajiv Rao","SavedOn":{"$date":{"$numberLong":"1533549710296"}},"DateString":"06-Aug-2018 03:31 PM"}
{"_id":{"$oid":"5b6ad41a5b54fb56685332c6"},"CandidateId":{"$numberInt":"151620"},"StatusId":{"$numberInt":"2"},"Feedback":"","SavedBy":"5b291c004486f2c548930948","HrName":"Rajiv Rao","SavedOn":{"$date":{"$numberLong":"1533727770376"}},"DateString":"08-Aug-2018 04:59 PM"}
{"_id":{"$oid":"5b6ad43f5b54fb56685332c7"},"CandidateId":{"$numberInt":"151620"},"StatusId":{"$numberInt":"2"},"Feedback":"","SavedBy":"5b291c004486f2c548930948","HrName":"Rajiv Rao","SavedOn":{"$date":{"$numberLong":"1533727807548"}},"DateString":"08-Aug-2018 05:00 PM"}
